[
  {
    "title": "My Wallet",
    "isLoginNeed": "1",
    "titleColor": "#333333",
    "label": "",
    "labelColor": "#1D9E10",
    "labelBGColor": "#0A9E49",
    "isBlink": "0",
    "offerId": "0",
    "gameId": "0",
    "url": "",
    "screenNo": "9",
    "icon": "http://eazyearning.com/Api/images/in4.png"
  },
  {
    "title": "Privacy Policy",
    "isLoginNeed": "0",
    "titleColor": "#333333",
    "label": "",
    "labelColor": "#1D9E10",
    "labelBGColor": "#0A9E49",
    "isBlink": "0",
    "offerId": "0",
    "gameId": "0",
    "url": "http://eazyearning.com/PrivacyPolicy.html",
    "screenNo": "2",
    "icon": "http://eazyearning.com/Api/images/in2.png"
  },
  {
    "title": "Terms & Condition",
    "isLoginNeed": "0",
    "titleColor": "#333333",
    "label": "",
    "labelColor": "#1D9E10",
    "labelBGColor": "#0A9E49",
    "isBlink": "0",
    "offerId": "0",
    "gameId": "0",
    "url": "http://eazyearning.com/TermsConditions.html",
    "screenNo": "2",
    "icon": "http://eazyearning.com/Api/images/in3.png"
  },
  {
    "title": "Contact Us",
    "isLoginNeed": "0",
    "titleColor": "#333333",
    "label": "",
    "labelColor": "#1D9E10",
    "labelBGColor": "#0A9E49",
    "isBlink": "0",
    "offerId": "0",
    "gameId": "0",
    "url": "",
    "screenNo": "23",
    "icon": "http://eazyearning.com/Api/images/in1.png"
  }

]