[
  {
    "title": "My Wallet",
    "isLoginNeed": "1",
    "titleColor": "#333333",
    "label": "",
    "labelColor": "#1D9E10",
	"labelBGColor": "#0A9E49",
    "isBlink": "0",
    "offerId": "0",
    "gameId": "0",
    "url": "",
    "screenNo": "9",
    "icon": "http://rewardexpres.com/Api/images/sidemenu_my_wallet.png"
  },
  {
    "title": "Privacy Policy",
    "isLoginNeed": "0",
    "titleColor": "#333333",
    "label": "",
    "labelColor": "#1D9E10",
	"labelBGColor": "#0A9E49",
    "isBlink": "0",
    "offerId": "0",
    "gameId": "0",
    "url": "http://rewardexpres.com/PrivacyPolicy.html",
    "screenNo": "2",
    "icon": "http://rewardexpres.com/Api/images/sidemenu_privacy_policy.png"
  },
  {
    "title": "Terms & Condition",
    "isLoginNeed": "0",
    "titleColor": "#333333",
    "label": "",
    "labelColor": "#1D9E10",
	"labelBGColor": "#0A9E49",
    "isBlink": "0",
    "offerId": "0",
    "gameId": "0",
    "url": "http://rewardexpres.com/TermsConditions.html",
    "screenNo": "2",
    "icon": "http://rewardexpres.com/Api/images/sidemenu_terms_conditions.png"
  },
 {
    "title": "About Us",
    "isLoginNeed": "0",
    "titleColor": "#333333",
    "label": "",
    "labelColor": "#1D9E10",
	"labelBGColor": "#0A9E49",
    "isBlink": "0",
    "offerId": "0",
    "gameId": "0",
    "url": "http://rewardexpres.com/aboutUs.html",
    "screenNo": "22",
    "icon": "http://rewardexpres.com/Api/images/sidemenu_about_us.png"
  },
 {
    "title": "Contact Us",
    "isLoginNeed": "0",
    "titleColor": "#333333",
    "label": "",
    "labelColor": "#1D9E10",
	"labelBGColor": "#0A9E49",
    "isBlink": "0",
    "offerId": "0",
    "gameId": "0",
    "url": "",
    "screenNo": "23",
    "icon": "http://rewardexpres.com/Api/images/sidemenu_contact_us.png"
  },
 {
    "title": "FAQs",
    "isLoginNeed": "0",
    "titleColor": "#333333",
    "label": "",
    "labelColor": "#1D9E10",
	"labelBGColor": "#0A9E49",
    "isBlink": "0",
    "offerId": "0",
    "gameId": "0",
    "url": "",
    "screenNo": "52",
    "icon": "http://rewardexpres.com/Api/images/sidemenu_faq.png"
  }
]


